Test_ID,Predicted_Reference_Parameter
TST-0278,32.147035
TST-0006,18.899687999999987
TST-0047,52.58165499999999
TST-0311,25.73639100000001
TST-0264,18.823410999999997
TST-0169,20.492227999999997
TST-0269,18.545691
TST-0178,15.294451999999996
TST-0206,33.05874100000003
TST-0038,17.956936999999996
TST-0213,14.260248999999998
TST-0309,16.210445000000004
TST-0059,33.13467700000001
TST-0159,18.533459999999987
TST-0235,20.085316999999996
TST-0230,21.404047999999992
TST-0323,36.91871500000004
TST-0262,19.336412
TST-0274,14.343564999999996
TST-0214,49.157222000000004
TST-0024,39.45249800000001
TST-0234,17.23433899999999
TST-0333,22.303235000000022
TST-0060,20.150984999999977
TST-0226,35.727645
TST-0197,16.264293
TST-0346,41.12358399999997
TST-0192,25.048148
TST-0141,28.820474
TST-0222,39.20548700000002
TST-0232,19.231162999999995
TST-0085,23.761496000000008
TST-0237,32.869702
TST-0001,36.842850999999996
TST-0069,16.900123000000004
TST-0272,23.561184000000004
TST-0343,35.489083000000015
TST-0320,26.525315000000028
TST-0008,30.383248000000016
TST-0144,23.19396
TST-0184,21.703264000000008
TST-0107,51.265263999999995
TST-0026,42.04402400000003
TST-0164,42.51270199999999
TST-0217,34.06522600000003
TST-0332,30.214882
TST-0279,24.148896999999998
TST-0243,18.484271999999997
TST-0163,21.153475999999998
TST-0131,29.128058999999997
TST-0070,16.290188999999994
TST-0137,18.57331399999997
TST-0210,28.911621
TST-0288,20.962709999999998
TST-0248,28.477493000000017
TST-0277,22.07541399999999
TST-0215,22.212831999999995
TST-0138,16.71511100000001
TST-0228,17.438953999999992
TST-0252,48.69689300000002
TST-0205,29.615729
TST-0348,22.524893999999996
TST-0177,22.138900999999997
TST-0267,38.39339100000002
TST-0308,22.909073000000006
TST-0087,40.758881999999986
TST-0117,17.188045999999996
TST-0014,18.132133000000014
TST-0154,22.934494
TST-0207,47.10224699999998
TST-0187,22.09249299999999
TST-0236,20.97589499999999
TST-0283,38.318739
TST-0089,18.156694999999992
TST-0202,23.174481999999994
TST-0160,17.951603000000002
TST-0036,25.957560999999995
TST-0275,48.000558999999974
TST-0023,34.037688000000024
TST-0091,43.54789400000004
TST-0151,43.55634100000002
TST-0310,22.89136000000001
TST-0239,14.87494899999999
TST-0331,32.29428099999998
TST-0316,13.593607999999993
TST-0338,14.476522
TST-0019,19.90587299999999
TST-0168,13.711121
TST-0007,18.460509000000005
TST-0211,31.73780800000001
TST-0016,37.378318000000036
TST-0027,19.469995
TST-0031,16.700054999999992
TST-0249,31.035692000000004
TST-0011,16.061070999999995
TST-0080,23.071522000000012
TST-0121,16.536637000000013
TST-0266,19.740823000000006
TST-0198,22.280541000000017
TST-0067,31.00555900000001
TST-0102,21.58993300000001
TST-0005,36.34318499999999
TST-0003,30.855253
TST-0132,46.379704999999994
TST-0029,26.541519000000008
TST-0221,26.402947999999988
TST-0099,17.452217999999995
TST-0062,17.42588499999999
TST-0095,26.372889000000008
TST-0126,17.07037
TST-0034,49.889146000000025
TST-0103,15.988187000000003
TST-0245,23.072457
TST-0058,50.77946399999997
TST-0065,26.372172999999993
TST-0086,19.541396000000013
TST-0342,20.47355800000001
TST-0335,17.616363999999994
TST-0180,18.030635000000004
TST-0294,24.122595999999994
TST-0072,20.633692000000007
TST-0315,47.472506000000045
TST-0182,46.117883
TST-0200,21.68682799999999
TST-0030,17.751518000000004
TST-0193,17.181547
TST-0231,21.012331999999994
TST-0128,25.570436999999984
TST-0165,27.74953299999999
TST-0074,13.667546000000002
TST-0004,33.995859
TST-0157,23.56696600000001
TST-0143,26.66293800000001
TST-0179,42.468161000000016
TST-0075,27.35894499999998
TST-0233,24.44836600000001
TST-0111,26.45452000000002
TST-0350,20.984809
TST-0122,17.071017999999988
TST-0076,22.309526000000016
TST-0304,26.32186700000001
TST-0190,30.11236700000001
TST-0061,16.930492000000005
TST-0009,28.556307999999998
TST-0194,44.254454000000024
TST-0156,16.428334999999993
TST-0088,32.842615
TST-0256,46.419633999999995
TST-0329,16.450735000000005
TST-0219,42.567597000000035
TST-0306,13.796180000000023
TST-0324,23.750319000000026
TST-0113,21.640453000000008
TST-0135,16.072119999999998
TST-0339,18.105126000000006
TST-0260,21.567372999999986
TST-0195,24.96895899999999
TST-0286,28.400358
TST-0015,24.40245199999999
TST-0263,19.757610000000003
TST-0147,24.378139000000022
TST-0002,24.498648000000003
TST-0114,45.77173799999998
TST-0271,28.319958999999987
TST-0223,21.736527999999993
TST-0344,16.47743400000001
TST-0183,32.74462200000003
TST-0327,32.932856999999984
TST-0250,19.616438000000013
TST-0185,38.966708000000025
TST-0242,21.449493000000007
TST-0158,13.578458999999986
TST-0078,45.21025199999999
TST-0120,21.78856199999999
TST-0093,29.078889
TST-0051,15.810790999999996
TST-0010,16.242307
TST-0013,51.01536
TST-0049,14.967599
TST-0041,17.866807999999995
TST-0055,31.64272300000003
TST-0012,20.645146000000004
TST-0127,49.706416999999995
TST-0225,26.689527000000012
TST-0050,23.296006000000034
TST-0172,36.49048300000001
TST-0079,32.910135000000025
TST-0046,22.278795
TST-0325,18.33706700000002
TST-0280,20.345920000000014
TST-0140,15.261448999999994
TST-0244,47.472506000000045
TST-0203,20.757076000000005
TST-0238,18.906296
TST-0092,28.44579499999998
TST-0307,13.785601999999992
TST-0176,30.487794000000026
TST-0115,17.39426999999999
TST-0028,19.390451000000013
TST-0317,19.56469699999997
TST-0251,38.329621000000024
TST-0301,15.106056999999995
TST-0116,37.403598999999964
TST-0056,23.887773000000003
TST-0166,26.659648999999998
TST-0247,31.848097999999997
TST-0291,27.468674000000025
TST-0167,29.995003
TST-0313,48.31845599999999
TST-0105,13.987149999999994
TST-0104,20.886142
TST-0045,35.71658800000002
TST-0289,44.585899999999995
TST-0048,26.469135
TST-0110,18.68318199999999
TST-0037,42.964475000000014
TST-0305,18.520517999999992
TST-0240,32.466018999999996
TST-0155,33.42809599999998
TST-0119,52.40689700000003
TST-0295,23.822837
TST-0229,18.514437999999988
TST-0106,20.94936300000001
TST-0052,15.780894999999997
TST-0276,21.068686000000007
TST-0216,21.89436999999999
TST-0208,20.551598
TST-0188,21.588601000000008
TST-0145,49.645458999999974
TST-0039,21.749713000000007
TST-0173,19.209313
TST-0082,20.34698999999999
TST-0296,36.640868
TST-0297,36.76994900000003
TST-0125,17.646295999999992
TST-0199,21.63980600000001
TST-0330,21.693449999999995
TST-0133,35.965604
TST-0175,31.128531000000006
TST-0270,45.76235600000002
TST-0255,18.945790000000013
TST-0025,13.500549
TST-0073,13.972714999999999
TST-0077,20.979851
TST-0293,14.705368999999997
TST-0212,33.77236100000001
TST-0081,14.137316000000004
TST-0328,19.814338000000017
TST-0290,48.18445300000002
TST-0337,18.634951000000004
TST-0171,23.257344000000003
TST-0057,29.716340000000024
TST-0284,19.562551999999993
TST-0063,23.93820800000001
TST-0022,19.203253000000004
TST-0044,18.704881000000007
TST-0035,24.33698100000001
TST-0258,43.907976999999974
TST-0334,26.57640899999997
TST-0018,26.21149999999999
TST-0321,21.329183999999994
TST-0282,14.894624000000015
TST-0142,45.92326299999999
TST-0312,22.73952399999997
TST-0101,21.820731000000002
TST-0134,18.966455
TST-0287,32.87602400000001
TST-0153,32.7401
TST-0299,30.943024999999988
TST-0204,23.071522000000012
TST-0090,19.72651200000002
TST-0186,33.557391
TST-0209,48.154746999999986
TST-0130,21.672127
TST-0224,22.520633000000018
TST-0302,26.561772999999995
TST-0118,15.315662000000007
TST-0292,20.337613000000015
TST-0345,22.07541399999999
TST-0108,20.26114300000003
TST-0071,15.475821000000003
TST-0053,15.99741
TST-0273,17.266812999999996
TST-0300,15.380941
TST-0148,19.45424700000001
TST-0347,39.777075999999994
TST-0146,27.74953299999999
TST-0241,18.610747
TST-0096,17.031167000000003
TST-0220,22.832909000000004
TST-0174,22.382863000000008
TST-0246,15.029713000000006
TST-0136,18.603359
TST-0109,22.275994999999995
TST-0040,37.72924200000001
TST-0043,20.423801000000008
TST-0181,36.71896999999999
TST-0268,17.542176
TST-0253,15.995968999999995
TST-0017,25.806703
TST-0201,22.798921000000004
TST-0129,16.852073999999998
TST-0068,46.19478599999999
TST-0161,14.991621000000007
TST-0298,21.311731000000012
TST-0094,43.09047000000001
TST-0336,27.452562000000007
TST-0149,20.050672000000002
TST-0191,48.437275
TST-0032,19.154642000000006
TST-0054,17.060101000000014
TST-0349,52.942114000000004
TST-0100,17.847130000000003
TST-0162,19.632715000000005
TST-0326,23.431634999999996
TST-0340,19.371013000000012
TST-0319,28.802031000000003
TST-0064,18.831246000000014
TST-0259,29.58183800000003
TST-0066,44.27948499999996
TST-0123,47.82282100000001
TST-0218,20.566010999999992
TST-0261,23.068815999999998
TST-0196,20.991933999999986
TST-0281,25.843769
TST-0303,37.65680200000001
TST-0254,22.761159999999983
TST-0322,18.665869
TST-0139,17.39098600000001
TST-0257,36.969478999999964
TST-0033,16.838080000000005
TST-0112,49.793960999999996
TST-0021,26.717830000000017
TST-0083,18.61724400000001
TST-0150,24.119543000000007
TST-0265,23.52507199999999
TST-0227,33.722355000000015
TST-0170,24.80447900000001
TST-0318,26.368764000000013
TST-0097,16.420781999999992
TST-0152,34.38568
TST-0084,55.201839
TST-0124,17.351684999999996
TST-0098,33.054811
TST-0341,30.64157200000003
TST-0042,31.181902000000015
TST-0189,19.669131000000004
TST-0285,22.559877999999998
TST-0020,21.82985100000001
TST-0314,41.33879499999999
