,Invalid_mean,Valid_mean,Invalid_std,Valid_std
Applied_Voltage_kV,20.64180737704918,20.109236951501153,6.663531286672069,7.19020400799737
Load_Current_A,61.29787131147541,63.47222575057736,28.711153895170174,27.763997989350212
Ambient_Temperature_C,33.89607459016393,34.192873094688224,7.639966492425348,7.507608894904391
Test_Duration_min,34.801096721311474,31.6014603926097,15.766651259572559,15.779289657624869
Sensor_S1,13.547720491803277,13.514486258660508,5.5099084546839885,3.8332354186184343
Sensor_S2,14.04680819672131,13.616549884526558,6.142764180046943,3.5062553044795153
Sensor_S3,16.977948360655738,16.989287759815245,6.514618223025364,4.919096105195606
Sensor_S4,50.8899262295082,49.587169630484986,12.23493573707605,12.394025031637968
Power_kW,1270.8017656595903,1284.0087289400924,766.8813039903931,757.2934286635839
